{"transmat":[[0.9952904238618524,0.0,0.004709576138147566,0.0,0.0],[0.0,0.993660855784469,0.004754358161648178,0.001584786053882726,0.0],[0.0011514104778353484,0.0017271157167530224,0.9948186528497409,0.0005757052389176742,0.0017271157167530224],[0.0,0.00546448087431694,0.00546448087431694,0.9890710382513661,0.0],[0.0,0.0,0.0030911901081916537,0.0,0.9969088098918083]],"states":[["GaussianMixture",{"means":[206.9425,208.34750000000003,207.57299999999998,207.40499999999997,209.594],"variances":[0.1574173776460284,0.407746774622367,0.07309850312399153,7.730689735027935e-5,1.0e-6],"weights":[0.8414442700156985,0.02511773940345369,0.1271585557299843,0.004709576138147566,0.0015698587127158557]}],["GaussianMixture",{"means":[235.875,208.13799999999998],"variances":[1.4167563988144043,0.3007733554165494],"weights":[0.9935275080906149,0.006472491909385114]}],["GaussianMixture",{"means":[208.3625,207.748,207.1745,209.35500000000002],"variances":[0.0713264840863582,0.16358139478932512,0.003788037970075251,0.1496661532666121],"weights":[0.18767990788716177,0.7795048934945308,0.016119746689694875,0.01669545192861255]}],["GaussianMixture",{"means":[220.439,214.12599999999998,216.68349999999998,215.3985,211.349],"variances":[8.253714380536431,1.078703000071748,1.8543037744442776,0.006614571404383388,2.08876593074],"weights":[0.20218579234972678,0.36065573770491804,0.22950819672131148,0.03278688524590164,0.17486338797814208]}],["GaussianMixture",{"means":[209.246,208.46550000000002,207.849,208.97199999999998,210.2985],"variances":[0.13475075375942214,0.18372467322961822,0.011838826576748828,0.004947641430303625,0.16269357339005966],"weights":[0.0941358024691358,0.8117283950617284,0.027777777777777776,0.047839506172839504,0.018518518518518517]}]]}