{"transmat":[[0.9990552668871044,0.0,0.0004723665564478035,0.0004723665564478035,0.0],[0.000757002271006813,0.9969719909159728,0.000757002271006813,0.000757002271006813,0.000757002271006813],[0.002849002849002849,0.002849002849002849,0.9914529914529915,0.002849002849002849,0.0],[0.03333333333333333,0.03333333333333333,0.03333333333333333,0.9,0.0],[0.0,0.0625,0.0,0.0,0.9375]],"states":[["GaussianMixture",{"means":[238.193,238.6915,239.31,234.975],"variances":[0.30927107452349406,0.04178920969790784,0.14460738317134902,1.0e-6],"weights":[0.9357884796978282,0.053824362606232294,0.009915014164305949,0.00047214353163361664]}],["GaussianMixture",{"means":[234.39,235.257,236.435],"variances":[0.026817037938002154,0.24027466864007196,0.31788716981707316],"weights":[0.9401968205904617,0.05526116578349735,0.004542013626040878]}],["GaussianMixture",{"means":[266.031,238.237],"variances":[0.260060402680159,0.0005846334111971371],"weights":[0.9914529914529915,0.008547008547008548]}],["GaussianMixture",{"means":[240.878,244.969,234.261,245.989],"variances":[1.0e-6,0.0880573877609484,1.0e-6,1.0e-6],"weights":[0.03333333333333333,0.8333333333333334,0.1,0.03333333333333333]}],["GaussianMixture",{"means":[236.76],"variances":[0.0022334445812050557],"weights":[1.0]}]]}