{"transmat":[[0.9694656488549618,0.022900763358778626,0.0030534351145038168,0.004580152671755725],[0.01437699680511182,0.9624600638977636,0.019169329073482427,0.003993610223642172],[0.0,0.015151515151515152,0.9829545454545454,0.001893939393939394],[0.005813953488372093,0.020348837209302327,0.005813953488372093,0.9680232558139535]],"states":[["GaussianMixture",{"means":[251.072,282.00350000000003,236.753,262.134],"variances":[34.858627023904695,165.09791573914612,12.15359127266744,35.74670933391903],"weights":[0.8381679389312977,0.015267175572519083,0.0717557251908397,0.07480916030534351]}],["GaussianMixture",{"means":[232.1585,244.506,223.75150000000002,277.228],"variances":[9.880304649239473,22.085826830200983,4.310247269582599,3.015452164697842],"weights":[0.9009584664536742,0.05351437699680511,0.04153354632587859,0.003993610223642172]}],["GaussianMixture",{"means":[217.166,258.129,225.967],"variances":[1.5919229569235334,41.25329895877363,6.842143583445889],"weights":[0.9640151515151515,0.0025252525252525255,0.03345959595959596]}],["GaussianMixture",{"means":[282.072,263.19050000000004,220.558,297.903],"variances":[28.63636034140591,125.99256959647442,1.0e-6,8.910412315106619],"weights":[0.8197674418604651,0.12790697674418605,0.0029069767441860465,0.04941860465116279]}]]}