{"transmat":[[0.8430493273542601,0.0,0.0,0.017937219730941704,0.08071748878923767,0.0,0.05829596412556054],[0.0,0.9875,0.0,0.0125,0.0,0.0,0.0],[0.0,0.0,0.9743589743589743,0.008547008547008548,0.008547008547008548,0.008547008547008548,0.0],[0.004206098843322818,0.0010515247108307045,0.0,0.9726603575184016,0.01892744479495268,0.0,0.0031545741324921135],[0.016289592760180997,0.0,0.0018099547511312218,0.015384615384615385,0.9574660633484163,0.0009049773755656109,0.008144796380090498],[0.0,0.0,0.002976190476190476,0.002976190476190476,0.0,0.9910714285714286,0.002976190476190476],[0.01270772238514174,0.0,0.0,0.0009775171065493646,0.009775171065493646,0.0009775171065493646,0.9755620723362659]],"states":[["GaussianMixture",{"means":[235.39499999999998,225.8775,226.4195,226.9485,225.45800000000003],"variances":[0.06727632741749258,0.16895905583612672,0.030537432372913634,0.10228789647442682,0.0004831681084268868],"weights":[0.11659192825112108,0.7354260089686099,0.09865470852017937,0.03587443946188341,0.013452914798206279]}],["GaussianMixture",{"means":[228.754,228.4635,229.37099999999998],"variances":[0.05026881000082856,0.00608912608645569,4.831681084049148e-6],"weights":[0.7375,0.225,0.0375]}],["GaussianMixture",{"means":[307.019,228.15900000000002,227.46699999999998],"variances":[3.9223635358977766,1.0e-6,0.004947641430294836],"weights":[0.9658119658119658,0.008547008547008548,0.02564102564102564]}],["GaussianMixture",{"means":[227.42600000000002,227.98499999999999,228.402,227.704,227.054],"variances":[0.04735530630699531,0.015152151880285626,0.10158609479691223,0.011600866283340314,0.021046802803115067],"weights":[0.7181913774973712,0.07676130389064142,0.0473186119873817,0.12933753943217666,0.028391167192429023]}],["GaussianMixture",{"means":[227.713,228.20749999999998,228.961,227.9925,228.4235],"variances":[0.026458285617492902,0.013064865651875871,0.4290726070082391,0.016253775167513924,0.033687688439867],"weights":[0.7122171945701358,0.05067873303167421,0.05248868778280543,0.15384615384615385,0.03076923076923077]}],["GaussianMixture",{"means":[255.77,232.965],"variances":[0.8975379098965499,1.0e-6],"weights":[0.9970238095238095,0.002976190476190476]}],["GaussianMixture",{"means":[228.059,227.722,228.375,228.88,228.54999999999998],"variances":[0.029395947716747493,0.007348986929192227,0.012079202710699635,0.12995289444271169,0.0035222955104423858],"weights":[0.724609375,0.0458984375,0.1279296875,0.0517578125,0.0498046875]}]]}